lang,commonName,simplifiedName,numFullNames,numLineNames
English (English),green,green,4916,2218
English (English),blue,blue,3797,4956
English (English),purple,purple,3741,1784
English (English),pink,pink,2303,1926
English (English),red,red,1665,2159
English (English),brown,brown,1530,8
English (English),orange,orange,1203,2254
English (English),yellow,yellow,1057,2012
English (English),magenta,magenta,985,1053
English (English),teal,teal,934,595
English (English),lime green,limegreen,754,823
English (English),grey,gray,728,2
English (English),violet,violet,676,294
English (English),light green,lightgreen,658,369
English (English),dark green,darkgreen,616,2
English (English),light blue,lightblue,607,1013
English (English),turquoise,turquoise,599,589
English (English),sky blue,skyblue,555,768
English (English),maroon,maroon,489,11
English (English),forest green,forestgreen,474,5
English (English),dark blue,darkblue,468,451
English (English),lavender,lavender,449,32
English (English),hot pink,hotpink,440,512
English (English),navy blue,navyblue,410,58
English (English),neon green,neongreen,404,310
English (English),dark purple,darkpurple,394,37
English (English),fuschia,fuchsia,390,507
English (English),tan,tan,383,12
English (English),royal blue,royalblue,380,466
English (English),lilac,lilac,351,19
English (English),indigo,indigo,346,126
English (English),black,black,323,1
English (English),aqua,aqua,320,417
English (English),light purple,lightpurple,318,107
English (English),beige,beige,317,5
English (English),bright green,brightgreen,307,167
English (English),lime,lime,305,253
English (English),navy,navy,299,34
English (English),olive,olive,299,2
English (English),yellow green,yellowgreen,294,330
English (English),peach,peach,283,11
English (English),mauve,mauve,282,16
English (English),cyan,cyan,274,428
English (English),mint,mint,244,176
English (English),mustard,mustard,222,108
English (English),mint green,mintgreen,215,230
English (English),salmon,salmon,208,13
English (English),olive green,olivegreen,204,3
English (English),gold,gold,204,237
English (English),dark pink,darkpink,202,163
English (English),periwinkle,periwinkle,195,28
English (English),burgundy,burgundy,190,4
English (English),light brown,lightbrown,186,1
English (English),blue green,bluegreen,179,96
English (English),baby blue,babyblue,178,176
English (English),rose,rose,166,85
English (English),grass green,grassgreen,161,46
English (English),plum,plum,155,2
English (English),light pink,lightpink,155,15
English (English),seafoam green,seafoamgreen,150,157
English (English),sea green,seagreen,143,109
English (English),burnt orange,burntorange,137,134
English (English),pale green,palegreen,137,33
English (English),dark red,darkred,137,14
English (English),bright purple,brightpurple,136,43
English (English),bright blue,brightblue,126,104
English (English),seafoam,seafoam,125,107
English (English),royal purple,royalpurple,116,19
English (English),pastel green,pastelgreen,108,18
English (English),brick red,brickred,104,15
English (English),aquamarine,aquamarine,104,103
English (English),dark brown,darkbrown,102,0
English (English),chartreuse,chartreuse,101,110
English (English),army green,armygreen,100,0
English (English),blue grey,bluegray,99,1
English (English),khaki,khaki,99,1
English (English),mustard yellow,mustardyellow,95,47
English (English),coral,coral,93,16
English (English),grey blue,grayblue,90,2
English (English),crimson,crimson,85,40
English (English),bright pink,brightpink,82,57
English (English),taupe,taupe,80,0
English (English),cream,cream,80,2
English (English),kelly green,kellygreen,77,18
English (English),hunter green,huntergreen,77,0
English (English),dark yellow,darkyellow,75,72
English (English),dark orange,darkorange,75,123
English (English),cerulean,cerulean,73,111
English (English),baby pink,babypink,71,0
English (English),moss green,mossgreen,69,4
English (English),lavendar,lavendar,66,5
English (English),dark teal,darkteal,66,2
English (English),cobalt,cobalt,66,58
English (English),neon purple,neonpurple,65,42
English (English),neon pink,neonpink,64,45
English (English),midnight blue,midnightblue,64,9
English (English),rust,rust,64,19
English (English),eggplant,eggplant,63,1
English (English),red orange,redorange,63,245
English (English),sage,sage,62,0
English (English),spring green,springgreen,62,47
English (English),grey green,graygreen,61,0
English (English),pale blue,paleblue,61,24
English (English),blue purple,bluepurple,61,32
English (English),ochre,ochre,58,16
English (English),pale yellow,paleyellow,58,1
English (English),leaf green,leafgreen,58,17
English (English),ocean blue,oceanblue,57,68
English (English),green yellow,greenyellow,57,69
English (English),wine,wine,57,0
English (English),pea green,peagreen,54,13
English (English),fushia,fushia,53,76
English (English),emerald,emerald,53,10
English (English),green blue,greenblue,52,43
English (English),burgandy,burgandy,51,4
English (English),sea blue,seablue,49,54
English (English),light yellow,lightyellow,48,14
English (English),purple pink,purplepink,47,42
English (English),light orange,lightorange,46,111
English (English),deep purple,deeppurple,46,3
English (English),sienna,sienna,46,8
English (English),cobalt blue,cobaltblue,45,48
English (English),dark grey,darkgray,45,0
English (English),electric blue,electricblue,45,64
English (English),orange red,orangered,44,62
English (English),dusty rose,dustyrose,44,0
English (English),orchid,orchid,44,15
English (English),red brown,redbrown,44,0
English (English),emerald green,emeraldgreen,43,3
English (English),pink purple,pinkpurple,43,52
English (English),goldenrod,goldenrod,42,98
English (English),sand,sand,42,2
English (English),dark magenta,darkmagenta,41,4
English (English),light grey,lightgray,41,0
English (English),scarlet,scarlet,40,51
English (English),moss,moss,40,0
English (English),white,white,40,2
English (English),brick,brick,39,2
English (English),pine green,pinegreen,39,0
English (English),bright red,brightred,39,23
English (English),Jade,jade,38,1
English (English),pale pink,palepink,38,0
English (English),yellow orange,yelloworange,37,193
English (English),neon blue,neonblue,37,83
English (English),puce,puce,37,5
English (English),purple blue,purpleblue,36,17
English (English),rose pink,rosepink,35,14
English (English),grape,grape,34,9
English (English),burnt sienna,burntsienna,33,4
English (English),puke green,pukegreen,33,16
English (English),evergreen,evergreen,33,0
English (English),apple green,applegreen,33,17
English (English),powder blue,powderblue,33,15
English (English),light red,lightred,32,20
English (English),yellow brown,yellowbrown,32,0
English (English),blue violet,blueviolet,31,11
English (English),deep blue,deepblue,31,31
English (English),slate blue,slateblue,31,2
English (English),sage green,sagegreen,30,1
English (English),blush,blush,30,0
English (English),medium blue,mediumblue,30,94
English (English),forrest green,forrestgreen,30,0
English (English),steel blue,steelblue,30,1
English (English),grey purple,graypurple,29,0
English (English),slate,slate,29,0
English (English),grass,grass,29,5
English (English),pastel purple,pastelpurple,28,0
English (English),raspberry,raspberry,28,35
English (English),pastel blue,pastelblue,28,9
English (English),light teal,lightteal,27,17
English (English),robin's egg blue,robinseggblue,27,37
English (English),reddish brown,reddishbrown,27,0
English (English),aqua blue,aquablue,26,38
English (English),pastel pink,pastelpink,26,0
English (English),dusty pink,dustypink,26,0
English (English),blood red,bloodred,26,7
English (English),pale purple,palepurple,26,1
English (English),brown green,browngreen,25,0
English (English),tangerine,tangerine,25,56
English (English),lavander,lavander,25,0
English (English),pink red,pinkred,25,42
English (English),silver,silver,24,0
English (English),Mahogany,mahogany,24,0
English (English),y,y,24,0
English (English),red pink,redpink,24,70
English (English),Azure,azure,24,43
English (English),terracotta,terracotta,24,1
English (English),ultramarine,ultramarine,23,20
English (English),red violet,redviolet,23,13
English (English),dull green,dullgreen,23,1
English (English),cornflower blue,cornflowerblue,22,58
English (English),grayish blue,grayishblue,21,1
English (English),bronze,bronze,21,2
English (English),slate grey,slategray,21,0
English (English),Forest,forest,21,0
English (English),light violet,lightviolet,20,5
English (English),golden yellow,goldenyellow,20,45
English (English),neon yellow,neonyellow,20,76
English (English),orange brown,orangebrown,20,2
English (English),flesh,flesh,20,0
English (English),purple-grey,purplegray,19,0
English (English),off white,offwhite,19,0
English (English),green grey,greengray,19,0
English (English),Cornflower,cornflower,19,31
English (English),burnt umber,burntumber,19,2
English (English),pinkish red,pinkishred,18,28
English (English),green brown,greenbrown,18,0
English (English),dull pink,dullpink,18,0
English (English),fusia,fusia,18,29
English (English),umber,umber,18,3
English (English),Marigold,marigold,17,31
English (English),dark turquoise,darkturquoise,17,3
English (English),aubergine,aubergine,17,0
English (English),teal green,tealgreen,17,4
English (English),dark violet,darkviolet,17,4
English (English),pinkish purple,pinkishpurple,17,30
English (English),navy green,navygreen,17,0
English (English),pistachio,pistachio,17,4
English (English),medium green,mediumgreen,17,4
English (English),yellowish green,yellowishgreen,17,10
English (English),Vermillion,vermillion,16,10
English (English),deep green,deepgreen,16,0
English (English),dark tan,darktan,16,0
English (English),Chocolate,chocolate,16,0
English (English),bubblegum pink,bubblegumpink,16,4
English (English),salmon pink,salmonpink,16,2
English (English),camo green,camogreen,15,0
English (English),bright yellow,brightyellow,15,32
English (English),soft green,softgreen,15,4
English (English),prussian blue,prussianblue,15,4
English (English),deep red,deepred,15,6
English (English),Pumpkin,pumpkin,15,30
English (English),Dusky pink,duskypink,15,1
English (English),grayish green,grayishgreen,15,0
English (English),deep pink,deeppink,15,26
English (English),grey brown,graybrown,15,0
English (English),dull blue,dullblue,15,3
English (English),berry,berry,15,8
English (English),brown red,brownred,15,1
English (English),Wine red,winered,15,0
English (English),cerise,cerise,15,17
English (English),turquiose,turquiose,15,15
English (English),Fluorescent green,fluorescentgreen,15,10
English (English),skin,skin,15,1
English (English),Amethyst,amethyst,15,1
English (English),nude,nude,14,0
English (English),teal blue,tealblue,14,12
English (English),reddish pink,reddishpink,14,17
English (English),Jade green,jadegreen,14,4
English (English),cerulean blue,ceruleanblue,14,17
English (English),swamp green,swampgreen,14,1
English (English),pine,pine,14,0
English (English),light aqua,lightaqua,14,6
English (English),Royal,royal,14,6
English (English),electric green,electricgreen,14,19
English (English),reddish purple,reddishpurple,14,1
English (English),dirty yellow,dirtyyellow,14,10
English (English),Light turquoise,lightturquoise,14,21
English (English),red purple,redpurple,14,5
English (English),Eggshell,eggshell,13,1
English (English),greenish brown,greenishbrown,13,0
English (English),vomit,vomit,13,2
English (English),yello,yello,13,30
English (English),greenish yellow,greenishyellow,13,24
English (English),cherry red,cherryred,13,13
English (English),dirty green,dirtygreen,13,1
English (English),purple red,purplered,13,1
English (English),Oxblood,oxblood,13,0
English (English),Burgendy,burgendy,13,0
English (English),Denim,denim,12,15
English (English),periwinkle blue,periwinkleblue,12,9
English (English),Copper,copper,12,4
English (English),neon,neon,12,5
English (English),lemon yellow,lemonyellow,12,35
English (English),aqua green,aquagreen,12,13
English (English),Puke,puke,12,1
English (English),marine blue,marineblue,12,11
English (English),fern,fern,12,1
English (English),Dandelion,dandelion,12,20
English (English),midnight,midnight,12,1
English (English),faded green,fadedgreen,12,3
English (English),tree green,treegreen,12,0
English (English),golden brown,goldenbrown,12,0
English (English),caramel,caramel,12,0
English (English),dark maroon,darkmaroon,12,0
"Korean (한국어, 조선어)",보라색,보라,579,103
"Korean (한국어, 조선어)",연두색,연두,493,132
"Korean (한국어, 조선어)",파랑,파랑,442,196
"Korean (한국어, 조선어)",초록색,초록,340,36
"Korean (한국어, 조선어)",자주색,자주,309,61
"Korean (한국어, 조선어)",하늘색,하늘,301,154
"Korean (한국어, 조선어)",연보라,연보라,295,9
"Korean (한국어, 조선어)",갈색,갈,278,2
"Korean (한국어, 조선어)",분홍색,분홍,266,51
"Korean (한국어, 조선어)",청록색,청록,253,29
"Korean (한국어, 조선어)",남색,남,222,13
"Korean (한국어, 조선어)",녹색,녹,205,9
"Korean (한국어, 조선어)",빨강,빨강,205,116
"Korean (한국어, 조선어)",주황색,주황,178,107
"Korean (한국어, 조선어)",황토색,황토,147,5
"Korean (한국어, 조선어)",풀색,풀,140,2
"Korean (한국어, 조선어)",노란색,노랑,132,89
"Korean (한국어, 조선어)",검정색,검정,123,0
"Korean (한국어, 조선어)",에메랄드,에메랄드,106,23
"Korean (한국어, 조선어)",진분홍,진분홍,98,41
"Korean (한국어, 조선어)",회색,회,98,0
"Korean (한국어, 조선어)",민트색,민트,97,14
"Korean (한국어, 조선어)",군청색,군청,92,6
"Korean (한국어, 조선어)",진보라색,진보라,84,3
"Korean (한국어, 조선어)",핑크색,핑크,82,17
"Korean (한국어, 조선어)",다홍색,다홍,79,33
"Korean (한국어, 조선어)",진녹색,진녹,78,0
"Korean (한국어, 조선어)",고동색,고동,74,0
"Korean (한국어, 조선어)",연녹색,연녹,70,4
"Korean (한국어, 조선어)",카키색,카키,69,0
"Korean (한국어, 조선어)",형광연두,형광연두,65,21
"Korean (한국어, 조선어)",살구색,살구,65,0
"Korean (한국어, 조선어)",핫핑크,핫핑크,62,7
"Korean (한국어, 조선어)",연갈색,연갈,60,0
"Korean (한국어, 조선어)",올리브,올리브,55,0
"Korean (한국어, 조선어)",베이지색,베이지,53,0
"Korean (한국어, 조선어)",겨자색,겨자,53,2
"Korean (한국어, 조선어)",옥색,옥,52,16
"Korean (한국어, 조선어)",연분홍,연분홍,50,2
"Korean (한국어, 조선어)",형광보라색,형광보라,47,4
"Korean (한국어, 조선어)",적갈색,적갈,44,0
"Korean (한국어, 조선어)",연초록,연초록,40,13
"Korean (한국어, 조선어)",진초록,진초록,37,0
"Korean (한국어, 조선어)",마젠타,마젠타,37,3
"Korean (한국어, 조선어)",밝은 보라색,밝은보라,37,5
"Korean (한국어, 조선어)",청색,청,34,9
"Korean (한국어, 조선어)",형광초록,형광초록,33,3
"Korean (한국어, 조선어)",짙은녹색,짙은녹,32,0
"Korean (한국어, 조선어)",상아색,상아,29,2
"Korean (한국어, 조선어)",벽돌색,벽돌,29,0
"Korean (한국어, 조선어)",라임색,라임,29,13
"Korean (한국어, 조선어)",바다색,바다,28,11
"Korean (한국어, 조선어)",진파랑,진파랑,27,11
"Korean (한국어, 조선어)",밝은연두,밝은연두,27,8
"Korean (한국어, 조선어)",짙은보라색,짙은보라,26,0
"Korean (한국어, 조선어)",형광하늘색,형광하늘,25,7
"Korean (한국어, 조선어)",개나리색,개나리,25,16
"Korean (한국어, 조선어)",진청색,진청,25,0
"Korean (한국어, 조선어)",살색,살,25,0
"Korean (한국어, 조선어)",짙은 초록,짙은초록,24,0
"Korean (한국어, 조선어)",연파랑,연파랑,24,30
"Korean (한국어, 조선어)",쑥색,쑥,24,0
"Korean (한국어, 조선어)",형광녹색,형광녹,24,3
"Korean (한국어, 조선어)",연노랑,연노랑,24,7
"Korean (한국어, 조선어)",코발트블루,코발트블루,23,1
"Korean (한국어, 조선어)",청보라색,청보라,23,0
"Korean (한국어, 조선어)",금색,금,23,0
"Korean (한국어, 조선어)",남보라,남보라,22,2
"Korean (한국어, 조선어)",연청록,연청록,22,2
"Korean (한국어, 조선어)",자홍색,자홍,21,9
"Korean (한국어, 조선어)",진홍색,진홍,21,9
"Korean (한국어, 조선어)",꽃분홍,꽃분홍,21,1
"Korean (한국어, 조선어)",황갈색,황갈,21,0
"Korean (한국어, 조선어)",연하늘,연하늘,20,9
"Korean (한국어, 조선어)",짙은분홍,짙은분홍,20,8
"Korean (한국어, 조선어)",와인,와인,20,0
"Korean (한국어, 조선어)",귤색,귤,20,12
"Korean (한국어, 조선어)",진한연두색,진연두,20,13
"Korean (한국어, 조선어)",진빨강,진빨강,19,5
"Korean (한국어, 조선어)",형광색,형광,18,6
"Korean (한국어, 조선어)",곤색,곤,18,0
"Korean (한국어, 조선어)",진갈색,진갈,18,0
"Korean (한국어, 조선어)",청회색,청회,18,0
"Korean (한국어, 조선어)",황록색,황록,17,6
"Korean (한국어, 조선어)",밝은 녹색,밝은녹,17,3
"Korean (한국어, 조선어)",짙은 갈색,짙은갈,17,0
"Korean (한국어, 조선어)",소라색,소라,16,0
"Korean (한국어, 조선어)",밝은 초록,밝은초록,16,6
"Korean (한국어, 조선어)",연자주,연자주,16,1
"Korean (한국어, 조선어)",밝은파랑,밝은파랑,15,17
"Korean (한국어, 조선어)",오렌지,오렌지,15,12
"Korean (한국어, 조선어)",짙은하늘색,짙은하늘,15,7
"Korean (한국어, 조선어)",바이올렛,바이올렛,15,1
"Korean (한국어, 조선어)",진하늘,진하늘,15,12
"Korean (한국어, 조선어)",코랄,코랄,14,0
"Korean (한국어, 조선어)",짙은파랑,짙은파랑,14,7
"Korean (한국어, 조선어)",형광분홍,형광분홍,14,3
"Korean (한국어, 조선어)",감색,감,14,3
"Korean (한국어, 조선어)",밝은 청록색,밝은청록,14,3
"Korean (한국어, 조선어)",자두색,자두,14,3
"Korean (한국어, 조선어)",적색,적,14,0
"Korean (한국어, 조선어)",진달래색,진달래,14,4
"Korean (한국어, 조선어)",레몬색,레몬,14,4
"Korean (한국어, 조선어)",검붉은색,검붉은,13,0
"Korean (한국어, 조선어)",연한 남색,연남,13,0
"Korean (한국어, 조선어)",짙은자주색,짙은자주,13,0
"Korean (한국어, 조선어)",국방색,국방,13,0
"Korean (한국어, 조선어)",올리브그린,올리브그린,13,0
"Korean (한국어, 조선어)",붉은색,붉은,13,3
"Korean (한국어, 조선어)",연주황,연주황,12,5
"Korean (한국어, 조선어)",형광핑크,형광핑크,12,3
"Korean (한국어, 조선어)",짙은 연두색,짙은연두,12,1
"Korean (한국어, 조선어)",진회색,진회,12,0
"Korean (한국어, 조선어)",버건디,버건디,12,0
"Korean (한국어, 조선어)",탁한분홍,탁한분홍,12,0
"Korean (한국어, 조선어)",아이보리색,아이보리,12,0
"Korean (한국어, 조선어)",적보라색,적보라,12,0
"Korean (한국어, 조선어)",어두운 보라색,어두운보라,12,0
Persian (Farsi) (فارسی),سبز,سبز,313,77
Persian (Farsi) (فارسی),بنفش,بنفش,235,78
Persian (Farsi) (فارسی),آبی,آبی,150,115
Persian (Farsi) (فارسی),قرمز,قرمز,91,72
Persian (Farsi) (فارسی),صورتی,صورتی,85,51
Persian (Farsi) (فارسی),قهوه ای,قهوهآی,75,0
Persian (Farsi) (فارسی),نارنجی,نارنجی,55,62
Persian (Farsi) (فارسی),زرد,زرد,42,50
Persian (Farsi) (فارسی),سبز چمنی,سبزچمنی,35,6
Persian (Farsi) (فارسی),سبز لجنی,سبزلجنی,33,2
Persian (Farsi) (فارسی),سبز آبی,سبزآبی,33,15
Persian (Farsi) (فارسی),خردلی,خردلی,32,13
Persian (Farsi) (فارسی),آبی نفتی,آبینفتی,30,17
Persian (Farsi) (فارسی),سرخابی,سرخابی,29,24
Persian (Farsi) (فارسی),سبز تیره,سبزتیره,27,0
Persian (Farsi) (فارسی),سبز فسفری,سبزفسفری,27,22
Persian (Farsi) (فارسی),سبز روشن,سبزروشن,26,18
Persian (Farsi) (فارسی),آبی آسمانی,آبیآسمانی,26,30
Persian (Farsi) (فارسی),آجری,آجری,24,4
Persian (Farsi) (فارسی),گلبهی,گلبهی,24,4
Persian (Farsi) (فارسی),فیروزه ای,فیروزهآی,23,8
Persian (Farsi) (فارسی),سبز پسته ای,سبزپستهآی,22,4
Persian (Farsi) (فارسی),زرشکی,زرشکی,22,3
Persian (Farsi) (فارسی),سرمه ای,سرمهآی,22,1
Persian (Farsi) (فارسی),فسفری,فسفری,22,10
Persian (Farsi) (فارسی),آبی تیره,آبیتیره,20,12
Persian (Farsi) (فارسی),خاکستری,خاکستری,20,0
Persian (Farsi) (فارسی),یاسی,یاسی,19,1
Persian (Farsi) (فارسی),یشمی,یشمی,19,1
Persian (Farsi) (فارسی),ارغوانی,آرغوانی,18,3
Persian (Farsi) (فارسی),سورمه ای,سورمهآی,18,2
Persian (Farsi) (فارسی),طوسی,طوسی,17,0
Persian (Farsi) (فارسی),کرم,کرم,17,0
Persian (Farsi) (فارسی),بنفش تیره,بنفشتیره,15,1
Persian (Farsi) (فارسی),سبز کم رنگ,سبزکمرنگ,15,6
Persian (Farsi) (فارسی),بنفش روشن,بنفشروشن,15,2
Persian (Farsi) (فارسی),نیلی,نیلی,14,4
Persian (Farsi) (فارسی),ابی فیروزه ای,آبیفیروزهآی,13,10
Persian (Farsi) (فارسی),آبی کاربنی,آبیکاربنی,13,10
Persian (Farsi) (فارسی),سبز پررنگ,سبزپررنگ,12,1
"Chinese (中文 (Zhōngwén), 汉语, 漢語)",绿,绿,40,36
"Chinese (中文 (Zhōngwén), 汉语, 漢語)",蓝,蓝,33,85
"Chinese (中文 (Zhōngwén), 汉语, 漢語)",紫,紫,27,49
"Chinese (中文 (Zhōngwén), 汉语, 漢語)",粉,粉,17,20
"Chinese (中文 (Zhōngwén), 汉语, 漢語)",草绿,草绿,15,24
"Chinese (中文 (Zhōngwén), 汉语, 漢語)",红,红,14,45
"Chinese (中文 (Zhōngwén), 汉语, 漢語)",紫红,紫红,14,17
"Chinese (中文 (Zhōngwén), 汉语, 漢語)",深紫,深紫,14,4
"Chinese (中文 (Zhōngwén), 汉语, 漢語)",深绿色,深绿,14,2
"Chinese (中文 (Zhōngwén), 汉语, 漢語)",黄,黄,13,51
"Chinese (中文 (Zhōngwén), 汉语, 漢語)",深蓝,深蓝,12,43
"Chinese (中文 (Zhōngwén), 汉语, 漢語)",粉紫,粉紫,12,12
Spanish (español),verde,verde,48,157
Spanish (español),azul,azul,29,247
Spanish (español),morado,morado,16,71
Spanish (español),rosa,rosa,15,81
"French (français, langue française)",vert,vert,28,187
"French (français, langue française)",bleu,bleu,22,256
"French (français, langue française)",rose,rose,16,91
"French (français, langue française)",violet,violet,12,120
Portuguese (português),verde,verde,19,121
Portuguese (português),azul,azul,15,212
German (Deutsch),Hellgrün,hellgrün,14,60
